Service,Port Dev,Port Prod,Port Test,Protocol,Category,Status,Notes
API Gateway,3000,3000,3000,HTTP,Backend,ðŸŸ¢ Active,Entry point principal
Auth Service,3017,3017,3017,HTTP,Backend,ðŸŸ¢ Active,JWT tokens
Payment Service,3018,3018,3018,HTTP,Backend,ðŸŸ¢ Active,Stripe/Transbank
Notification Service,3016,3016,3016,HTTP,Backend,âšª Optional,Email/SMS
AI Service,3002,3002,3002,HTTP,Backend,ðŸŸ¢ Active,Recomendaciones ML
Order Service,3004,3004,3004,HTTP,Backend,ðŸŸ¢ Active,CRUD pedidos
Admin Panel,3021,4021,5021,HTTP,Frontend,ðŸŸ¢ Active,DocumentaciÃ³n incluida
Documentation,3021,4021,5021,HTTP,Frontend,ðŸŸ¢ Active,Servido por Admin
Frontend,5173,80,5173,HTTP,Frontend,âšª Planned,Vue.js SPA
Admin Site,9000,9000,9000,HTTP,Frontend,âšª Optional,SSO Integration
Grafana,3011,3011,3011,HTTP,Monitoring,ðŸŸ¢ Active,Dashboards
Prometheus,9090,9090,9090,HTTP,Monitoring,ðŸŸ¢ Active,MÃ©tricas
RabbitMQ,5672,5672,5672,AMQP,Infrastructure,âšª Planned,Message queue
RabbitMQ Management,15672,15672,15672,HTTP,Infrastructure,âšª Planned,Web UI
MongoDB,27017,27017,27017,TCP,Database,âšª Planned,NoSQL
PostgreSQL,5432,5432,5432,TCP,Database,âšª Planned,Relacional
Redis,6379,6379,6379,TCP,Database,âšª Planned,Cache
